id,firstname,lastname,email,email2,profession
1,Aubrie,Ajay,Aubrie.Ajay@yopmail.com,Aubrie.Ajay@gmail.com,doctor
2,Amalie,Cosenza,Amalie.Cosenza@yopmail.com,Amalie.Cosenza@gmail.com,doctor
3,Bobbi,Dex,Bobbi.Dex@yopmail.com,Bobbi.Dex@gmail.com,doctor
4,Farrah,Hull,Farrah.Hull@yopmail.com,Farrah.Hull@gmail.com,doctor
5,Cissiee,Simmonds,Cissiee.Simmonds@yopmail.com,Cissiee.Simmonds@gmail.com,developer
6,Willetta,Phi,Willetta.Phi@yopmail.com,Willetta.Phi@gmail.com,developer
7,Cacilie,Taam,Cacilie.Taam@yopmail.com,Cacilie.Taam@gmail.com,police officer
8,Veda,Hortensia,Veda.Hortensia@yopmail.com,Veda.Hortensia@gmail.com,police officer
9,Konstance,Peti,Konstance.Peti@yopmail.com,Konstance.Peti@gmail.com,firefighter
10,Ricky,Colleen,Ricky.Colleen@yopmail.com,Ricky.Colleen@gmail.com,developer
11,Stacey,Revkah,Stacey.Revkah@yopmail.com,Stacey.Revkah@gmail.com,police officer
12,Agnese,Haerr,Agnese.Haerr@yopmail.com,Agnese.Haerr@gmail.com,doctor
13,Tami,Cecile,Tami.Cecile@yopmail.com,Tami.Cecile@gmail.com,doctor
14,Ardys,Brieta,Ardys.Brieta@yopmail.com,Ardys.Brieta@gmail.com,doctor
15,Fred,Mozelle,Fred.Mozelle@yopmail.com,Fred.Mozelle@gmail.com,police officer
16,Sibella,Hollingsworth,Sibella.Hollingsworth@yopmail.com,Sibella.Hollingsworth@gmail.com,doctor
17,Lila,Wyn,Lila.Wyn@yopmail.com,Lila.Wyn@gmail.com,firefighter
18,Binny,Fink,Binny.Fink@yopmail.com,Binny.Fink@gmail.com,developer
19,Madalyn,Kelula,Madalyn.Kelula@yopmail.com,Madalyn.Kelula@gmail.com,firefighter
20,Elvira,Gaal,Elvira.Gaal@yopmail.com,Elvira.Gaal@gmail.com,firefighter
21,Asia,Noman,Asia.Noman@yopmail.com,Asia.Noman@gmail.com,worker
22,Chrystel,Crudden,Chrystel.Crudden@yopmail.com,Chrystel.Crudden@gmail.com,doctor
23,Claresta,Allina,Claresta.Allina@yopmail.com,Claresta.Allina@gmail.com,developer
24,Ingrid,Drisko,Ingrid.Drisko@yopmail.com,Ingrid.Drisko@gmail.com,developer
25,Laurene,Croix,Laurene.Croix@yopmail.com,Laurene.Croix@gmail.com,police officer
26,Monika,Arquit,Monika.Arquit@yopmail.com,Monika.Arquit@gmail.com,firefighter
27,June,Alabaster,June.Alabaster@yopmail.com,June.Alabaster@gmail.com,worker
28,Quintina,Juan,Quintina.Juan@yopmail.com,Quintina.Juan@gmail.com,developer
29,Alyssa,Libna,Alyssa.Libna@yopmail.com,Alyssa.Libna@gmail.com,firefighter
30,Karena,Kamaria,Karena.Kamaria@yopmail.com,Karena.Kamaria@gmail.com,doctor
31,Penelopa,Pelagias,Penelopa.Pelagias@yopmail.com,Penelopa.Pelagias@gmail.com,developer
32,Sashenka,Vittoria,Sashenka.Vittoria@yopmail.com,Sashenka.Vittoria@gmail.com,developer
33,Selma,Blake,Selma.Blake@yopmail.com,Selma.Blake@gmail.com,developer
34,Britte,Martguerita,Britte.Martguerita@yopmail.com,Britte.Martguerita@gmail.com,doctor
35,Jere,Carri,Jere.Carri@yopmail.com,Jere.Carri@gmail.com,firefighter
36,Nataline,Gillan,Nataline.Gillan@yopmail.com,Nataline.Gillan@gmail.com,worker
37,Millie,Westphal,Millie.Westphal@yopmail.com,Millie.Westphal@gmail.com,worker
38,Allyce,Odell,Allyce.Odell@yopmail.com,Allyce.Odell@gmail.com,worker
39,Sarette,Gillan,Sarette.Gillan@yopmail.com,Sarette.Gillan@gmail.com,firefighter
40,Hope,Atcliffe,Hope.Atcliffe@yopmail.com,Hope.Atcliffe@gmail.com,firefighter
41,Lonnie,Codding,Lonnie.Codding@yopmail.com,Lonnie.Codding@gmail.com,firefighter
42,Flory,Oscar,Flory.Oscar@yopmail.com,Flory.Oscar@gmail.com,police officer
43,Kaia,Kussell,Kaia.Kussell@yopmail.com,Kaia.Kussell@gmail.com,worker
44,Nonnah,Erb,Nonnah.Erb@yopmail.com,Nonnah.Erb@gmail.com,worker
45,Zondra,Madox,Zondra.Madox@yopmail.com,Zondra.Madox@gmail.com,worker
46,Elvira,Vilma,Elvira.Vilma@yopmail.com,Elvira.Vilma@gmail.com,firefighter
47,Maud,Juan,Maud.Juan@yopmail.com,Maud.Juan@gmail.com,developer
48,Jacenta,Holtz,Jacenta.Holtz@yopmail.com,Jacenta.Holtz@gmail.com,worker
49,Consuela,Nikaniki,Consuela.Nikaniki@yopmail.com,Consuela.Nikaniki@gmail.com,police officer
50,Gerrie,Tjon,Gerrie.Tjon@yopmail.com,Gerrie.Tjon@gmail.com,worker